"expid","peakid","year","season","host","route1","route2","route3","route4","nation","leaders","sponsor","success1","success2","success3","success4","ascent1","ascent2","ascent3","ascent4","claimed","disputed","countries","approach","bcdate","smtdate","smttime","smtdays","totdays","termdate","termreason","termnote","highpoint","traverse","ski","parapente","camps","rope","totmembers","smtmembers","mdeaths","tothired","smthired","hdeaths","nohired","o2used","o2none","o2climb","o2descent","o2sleep","o2medical","o2taken","o2unkwn","othersmts","campsites","accidents","achievment","agency","comrte","stdrte","primrte","primmem","primref","primid"
"ANN260101","ANN2","1960","1","1","NW Ridge-W Ridge","","","","UK","J. O. M. Roberts","","true","false","false","false","1st","","","","false","false","""India, Nepal""","Marshyangdi->Hongde->Sabje Khola","3/15/60","5/17/60","1530","63","0","  -   -","1","","7937","false","false","false","6","0","10","2","0","9","1","0","false","true","false","true","false","true","false","false","false","Climbed Annapurna IV (ANN4-601-01)","""BC(15/03,3350m),ABC(4575m),C1(5365m),C2(5800m),C3(26/04,6400m),C4(30/04,6900m),C5(15/05,7270m),C6(16/05,7200m),Smt(17/05)""","","","","false","false","false","false","false",""
"ANN269301","ANN2","1969","3","1","NW Ridge-W Ridge","","","","Yugoslavia","Ales Kunaver","Mountaineering Club of Slovenia","true","false","false","false","2nd","","","","false","false","","Marshyangdi->Hongde->Sabje Khola","9/25/69","10/22/69","1800","27","31","10/26/69","1","","7937","false","false","false","6","0","10","2","0","0","0","0","false","false","true","false","false","false","false","false","false","Climbed Annapurna IV (ANN4-693-02)","""LowBC(25/09,3950m),BC(27/09,4650m),C1(27/09,5300m),C2(6000m),C3(6400m),C4,C5(7350m),C6(7250m),Smt(22/10)""","Draslar frostbitten hands and feet","","","false","false","false","false","false",""
"ANN460101","ANN4","1960","1","1","NW Ridge","","","","UK","J. O. M. Roberts","","true","false","false","false","""3rd,4th""","","","","false","false","Nepal","Marshyangdi->Hongde->Sabje Khola","3/15/60","5/18/60","","64","0","  -   -","1","","7525","false","false","false","5","0","4","3","0","3","3","0","false","false","true","false","false","false","false","false","false","Climbed Annapurna II (ANN2-601-01)","""BC(15/03,3350m),ABC(4575m),C1(5365m),C2(5800m),C3(26/04,6400m),C4(30/04,6900m),C5(15/05,7270m),Smt(18-19/05)""","","","","false","false","false","true","true","ANN260101"
"ANN469301","ANN4","1969","3","1","NW Ridge","","","","Czechoslovakia","Vladimir Prochazka","""Northern Bohemian Mountaineering Club, Libecec, Czechoslovakia""","true","false","false","false","5th","","","","false","false","","Marshyangdi->Hongde->Sabje Khola","","10/7/69","1430","0","0","  -   -","1","","7525","false","false","false","4","0","9","1","0","1","1","0","false","false","true","false","false","false","false","false","false","","""BC(4000m),C1(5000m),C2(5800m),C3(01/10,6500m),C4(06/10,7100m),Smt(07/10)""","","","","false","false","false","false","false",""
"ANN469302","ANN4","1969","3","1","N Face-NW Ridge","","","","Yugoslavia","Ales Kunaver","","true","false","false","false","6th","","","","false","false","","Marshyangdi->Hongde->Sabje Khola","9/25/69","10/21/69","","26","31","10/26/69","1","","7525","false","false","false","5","0","10","3","0","0","0","0","false","false","true","false","false","false","false","false","false","Climbed Annapurna II (ANN2-693-01)","""LowBC(25/09,3950m),BC(27/09,4650m),C1(27/09,5300m),C2(6000m),C3(6400m),C4,C5(7350m),Smt(10/21/10)""","","","","false","false","true","true","true","ANN269301"
"DHA469301","DHA4","1969","3","1","W Col-W Ridge from S","","","","Austria","Richard Hoyer","Austria Himalaya Expedition 1969","false","false","false","false","","","","","false","false","W Germany","Pokhara->Myagdi Khola","10/1/69","11/10/69","","40","50","11/20/69","6","Abandoned at 6900m+ after disappearance of 5 members and 1 Sherpa","6900","false","false","false","5","0","9","0","5","6","0","1","false","false","true","false","false","false","false","false","false","","""BC(01/10),C1(06/10,5100m),C2(12/10,5800m),C3(20/10,6200m),C4,C5(09/11,6900m),xxx(10/11,6900m?)""","""5 members, 1 Sherpa dead of unknown causes (disappeared on summit attempt)""","","","false","false","false","false","false",""
"EVER69301","EVER","1969","3","1","SW Face (recon)","","","","Japan","Hideki Miyashita","Japanese Alpine Club (JAC)","false","false","false","false","","","","","false","false","","","9/16/69","10/31/69","","45","49","11/4/69","12","Abandoned at 8000m (did not intend to try for summit)","8000","false","false","false","4","0","12","0","0","0","0","0","false","true","false","true","false","false","false","false","false","","""BC(16/09,5400m),C1(28/09,6050m),C2(15/10,6600m),C3(18/10,7000m),C4(29/10,7500m),xxx(31/10,01/11,8000m)""","","","","false","false","false","false","false",""
"GURJ69301","GURJ","1969","3","1","NW Face-W Ridge","","","","Japan","Yoshimi Yakushi","Kitanippon Press & Kitanippon Broadcasting Company","true","false","false","false","1st","","","","false","false","","Pokhara->Beni->Darbang->Budzunge Bara La->Kaphe Khola","10/4/69","11/1/69","1445","28","35","11/8/69","1","","7193","false","false","false","5","0","8","1","0","8","1","0","false","false","true","false","false","false","false","false","false","Climbed Ghustang North (GHUN-693-01)","""BC(04/10,4100m),C1(09/10,4750m),C2A(14/10,5000m),C2B(18/10,5300m),C3.ABC(22/10,5750m),C4(24/10,5900m),C5(29/10,6450m),Smt(01/11)""","","","","false","false","false","false","false",""
"CHUR69301","CHUR","1969","3","1","WNW Ridge","","","","Italy","Paolo Consiglio","Italian Academic Expedition 1969","false","false","false","false","","","","","false","false","","Pokhara->Dhorpatan-Budzunge Bara La->Churen Himal (BC)","10/15/69","11/13/69","","29","37","11/21/69","4","Abandoned at 6500m due to high winds","6500","false","false","false","5","0","10","0","0","6","0","0","false","false","true","false","false","false","false","false","false","","""BC(15/10,4050m),C1(17/10,4750m),C2(20/10,5150m),C3(23/10,5550m),C4(30/10,6000m),C5(12/11,6350m),xxx(13/11,6500m)""","","","","false","false","false","false","false",""
"PK2969301","PK29","1969","3","1","E Ridge","","","","Japan","Senya Sumiyoshi","Himalayan Expedition of Osaka University","false","false","false","false","","","","","false","false","","","9/22/69","11/1/69","","40","0","  -   -","10","Abandoned at 7400m due to difficult ice wall and crevasses near summit","7400","false","false","false","6","0","11","0","0","7","0","0","false","false","true","false","false","false","false","false","false","","""BC(22/09,4100m),C1(27/09,5100m),C2(30/09,5600m),C3(05/10,5900m),C4(18/10,6100m),C5(19/10,6200m),C6(24/10,6900m),xxx(01/11,7400m)""","","","","false","false","false","false","false",""
"KAND69301","KAND","1969","3","1","SW Ridge","","","","Japan","Minoru Ito","Kobe University of Commerce","false","false","false","false","","","","","false","false","","Jumla->Chaudhabise Khola","","10/27/69","","0","0","  -   -","10","Abandoned at 6500m due deep gap blocking route to main summit","6500","false","false","false","4","0","5","0","0","2","0","0","false","false","true","false","false","false","false","false","false","","""BC,C1,C2,C3,C4(6000m),xxx(27/10,6500m)""","","","","false","false","false","false","false",""
"EVER69302","EVER","1969","3","1","S Col (recon)","","","","Japan","Yuichiro Miura","Japanese Ministry of Foreign Affairs","false","false","false","false","","","","","false","false","","","","","","0","0","  -   -","14","Recon only for skiing","7500","false","false","false","5","0","16","0","0","0","0","1","false","true","false","true","false","false","false","false","false","","""BC,ABC(6400m),xxx(7500m)""","1 Sherpa killed by fall into crevasse","","","true","true","false","false","false",""
"DHA169101","DHA1","1969","1","1","SE Ridge","","","","USA","Boyd Nixon Everett Jr.","American Alpine Club","false","false","false","false","","","","","false","false","","Pokhara->Lete->SE Dhaulagiri Glacier (BC)","4/21/69","4/28/69","","7","8","4/29/69","6","Abandoned at 5335m due to massive fatal avalanche","5335","false","false","false","1","0","10","0","5","4","0","2","false","false","true","false","false","false","false","true","false","","""BC(21/04,4575m),Dep(26/04,5335m),xxx(28/04,5335m)""","Avalanche at C1 (7 dead)","","","false","false","false","false","false",""
"ANN169101","ANN1","1969","1","1","E Ridge","","","","W Germany","Ludwig Greissl","","false","false","false","false","","","","","false","false","","","4/2/69","5/9/69","","37","50","5/22/69","4","Abandoned at 7485m (smt of Roc Noir) due to bad storms","7485","false","false","false","6","0","9","0","0","5","0","0","false","false","true","false","false","false","false","true","false","Climbed Glacier Dome (GLAC-691-01) and Roc Noir (ROCN-691-01)","""BC(02/04,4300m),C1(09/04,5200m),C2(16/04,5900m),C3(22/04,6200m),C4(03/05,6500m),C5(07/05,7070m),C6(11/05,7250m),xxx(09,18/05,7485m)""","","","","false","false","false","false","false",""
"TUKU69101","TUKU","1969","1","1","N Ridge","","","","Switzerland","Georges Hartmann","Swiss Nepal Expedition Thakkola 1969","false","false","false","false","","","","","false","false","","Pokhara->Kali Gandaki->Dhampus Pass","","5/10/69","1330","0","0","  -   -","2","","6848","false","false","false","1","0","5","0","0","1","0","0","false","false","true","false","false","false","false","false","false","","""BC,C1(09/05,6100m),W-Smt(10,14/05)""","","May have been earlier unofficial ascents by Japan (1965) and USA Peace Corps (1968)","","false","false","false","false","false",""
"KJRS69101","KJRS","1969","1","1","NW Ridge","NE Ridge","SE Ridge (to 5800m)","","UK","John Tyson","","false","false","false","false","","","","","false","false","","Jumla->Mugu Karnali->Langu Khola->Dolphu","5/12/69","5/31/69","","19","0","  -   -","4","Abandoned due to bad weather and approaching monsoon","5800","false","false","false","3","0","4","0","0","4","0","0","false","false","true","false","false","false","false","false","false","","""BC(12/05,3800m),C1,C2,C3,xxx(31/05,5800m)""","","","","false","false","false","false","false",""
"EVER69101","EVER","1969","1","1","SW Face (recon)","","","","Japan","Yoshihiro Fujita","Japanese Alpine Club (JAC)","false","false","false","false","","","","","false","false","","Khumbu Valley","5/14/69","5/24/69","","10","0","  -   -","4","Abandoned at 6500m due to approaching monsoon","6500","false","false","false","0","0","4","0","0","0","0","0","false","false","true","false","false","false","false","false","false","","""BC(14/05,5400m),xxx(24/05,6500m)""","","","","false","false","false","false","false",""
"KANB65301","KANB","1965","3","1","NW Face","","","","Yugoslavia","Joze Govekar","Mountaineering Club Ljubljana","false","false","false","false","","","","","false","false","","Dharan->Ghunsa->Ramtong Glacier (BC)","","10/14/65","","0","0","10/18/65","7","Abandoned at 7600m due to frostbite and cold conditions","7600","false","false","false","5","0","12","0","0","8","0","0","false","true","false","true","false","false","false","false","false","","""BC(4900m),C1(5400m),C2(5800m),C3(6300m),C4(6800m),C5(13/10,7050m),Biv(14/10,7600m),xxx""","","","","false","false","false","false","false",""
"ANN165101","ANN1","1965","1","1","E Ridge","","","","W Germany","Guenter Hauser","German Alpine Association","false","false","false","false","","","","","false","false","","","4/6/65","","","0","58","6/3/65","12","","0","false","false","false","5","0","8","0","0","0","0","0","true","false","true","false","false","false","false","false","false","""Climbed Gangapurna (GANG-651-01), Glacier Dome (GLAC-651-01) and Tharpu Chuli (Tent Peak) (THAR-651-01)""","","","","","false","false","true","true","true","GANG65101"
"GANG65101","GANG","1965","1","1","E Ridge from S","","","","W Germany","Guenter Hauser","DAV (German Alpine Association) Gangapurna Expedition","true","false","false","false","""1st,2nd""","","","","false","false","","Pokhara->Modi Khola->Annapurna Sanctuary (BC)","4/6/65","5/6/65","1435","30","58","6/3/65","1","","7455","false","false","false","5","0","8","8","0","9","3","0","false","false","true","false","false","false","false","false","false","Climbed Glacier Dome (GLAC-651-01) and Tharpu Chuli (Tent Peak) (THAR-651-01); permit for Annapurna I (ANN1-651-01)","""BC(06/04,3750m),C1(4300m),C2(5000m),C3(5700m),C4(6200m),C5(05/05,6800m),Smt(06,08/05)""","","","","false","false","false","false","false",""
"DHA265101","DHA2","1965","1","1","E Ridge from N","","","","Japan","Hiroshi Sugita","All Japan Himalayan Expedition","false","false","false","false","","","","","false","false","","","5/3/65","5/10/65","","7","19","5/22/65","6","Abandoned at 5400m due to accident and deep snow conditions","5400","false","false","false","0","0","8","0","0","6","0","2","false","false","true","false","false","false","false","false","false","","""BC(03/05,3900),C1(06/05,4700m),C2(07/05,4850m),C3(09/05,5300m),xxx(10/05,5400m)""","2 Sherpas killed by avalanche while scouting for base camp site","","","false","false","false","false","false",""
"LSHR65101","LSHR","1965","1","1","SE Ridge","","","","Japan","Hisao Yoshikawa","Waseda University Alpine Club","false","false","false","false","","","","","false","false","","","3/14/65","5/12/65","","59","70","5/23/65","10","Abandoned at 8150m due to impassable gap in route","8150","false","false","false","5","3200","11","0","0","14","0","0","false","true","false","true","false","false","false","false","false","","""BC(14/03,5350m),C1(28/03,5850m),C2(03/04,6350m),C3(08/04,6650m),C4(17/04,7050m),C5(11/05,7300m),xxx(12/05,8150m)""","Narikawa injured from fall","","","false","false","false","false","false",""
"ANN165201","ANN1","1965","2","1","Reconnaissance","","","","Iran","","","false","false","false","false","","","","","false","false","","","","","","0","0","  -   -","12","","0","false","false","false","0","0","4","0","0","0","0","0","true","false","true","false","false","false","false","false","false","","","","","","false","false","false","false","false",""
"DHA665301","DHA6","1965","3","1","W Face from S","","","","UK","John R. Sims","British Royal Air Force Dhaulagiri Expedition","false","false","false","false","","","","","false","false","","","9/19/65","10/15/65","","26","0","  -   -","5","Abandoned at 6400m due to windslab avalanche","6400","false","false","false","3","0","10","0","0","8","0","0","false","false","true","false","false","false","false","true","false","Climbed Ghustang North (GHUN-653-01)","""BC(19/09,4025m),GlacierBC(25/09,4725m),C1(30/09,5360m),C2.ABC(05/10,5800m),C3(14/10,6200m),xxx(15/10,6400m)""","","","","false","false","false","false","false",""
"EVER65101","EVER","1965","1","1","S Col-SE Ridge","","","","India","M. S. Kohli","Indian Mount Everest Expedition","true","false","false","false","8th-11th","","","","false","false","","Khumbu Valley","3/22/65","5/20/65","930","59","71","6/1/65","1","","8850","false","false","false","6","0","20","8","0","46","1","0","false","true","false","true","false","true","false","false","false","","""BC(22/03,5425m),C1(27/03,6100m),C2(04/04,6490m),C3(06/04,6980m),C4(08/03,7620m),C5(18/05,7986m),C6(19/05,8513m),Smt(20,22,24,29/05)""","","","","true","true","false","false","false",""
"THAM64301","THAM","1964","3","1","W Face-S Ridge","","","","New Zealand","Edmund Hillary","Himalayan School House Expedition","true","false","false","false","1st","","","","false","false","""India, UK, USA""","","10/24/64","11/4/64","","11","14","11/7/64","1","","6618","false","false","false","4","0","14","4","0","7","0","0","false","false","true","false","false","false","false","false","false","","""BC(24/10,4875m),C1(25/10,5180m),C2(31/10,5800m),C3(01/11,5940m),C4(03/11,6250m),Smt(04/11)""","","","","false","false","false","false","false",""
"GLAC64301","GLAC","1964","3","1","SW side (from col betw Fluted Peak & Glac Dome)","","","","Japan","Sumio Shima","All Japan Himalayan Expedition 1964 (Chiba)","true","false","false","false","1st","","","","false","false","","Pokhara->Modi Khola->Annapurna Sanctuary (BC)","9/17/64","10/16/64","1145","29","0","  -   -","1","","7069","false","false","false","5","0","7","1","0","6","1","0","false","false","true","false","false","false","false","false","false","","""BC(17/09,4200m),C1(29/09,4220m),C2(30/09,4815m),C3(05/10,5400m),C4(09/10,5760m),C5(14/10,6190m),Biv(15/10,6490m),Smt(16/10)""","","","","false","false","false","false","false",""
"CHOY64101","CHOY","1964","1","1","W Ridge-W Face","","","","W Germany","Rudi Rott","","false","false","false","false","3rd claimed","","","","true","false","","","4/4/64","4/25/64","1700","21","0","  -   -","3","Success claimed","8100","false","true","false","4","0","5","0","2","12","0","0","false","false","true","false","false","false","false","false","false","Climbed Nupche Himal (NUPK-641-01) and Jasemba Goth (JASG-641-01)","""BC(04/04,5200m),C1(16/04,6300m),C2(20/04,6450m),C2B(21/04,6500m),C3(22/04,6800m),C4(24/04,7200m),xxx(25/04,8100m)""","2 members died of AMS","","","true","true","false","false","false",""
"NEMJ64301","NEMJ","1964","3","1","E & W sides","","","","Netherlands","Jan Boon","Royal Dutch Alpine Club","false","false","false","false","","","","","false","false","Austria","","10/17/64","10/23/64","","6","0","  -   -","12","","6400","false","false","false","0","0","5","0","0","0","0","0","true","false","true","false","false","false","false","false","false","Climbed Manaslu North (MANN-643-01)","","","","","false","false","true","false","true","MANN64301"
"LANG64301","LANG","1964","3","1","SW Ridge","","","","Australia","Peter Taylor","South Australian Himalaya Expedition","false","false","false","false","","","","","false","false","UK","","9/27/64","10/6/64","","9","0","  -   -","10","Abandoned at 6700m due to team too weak","6700","false","false","false","2","0","5","0","0","6","0","0","false","false","true","false","false","false","false","false","false","","""BC(27/09),C1(01/10,5650m),C2(05/10,6550m),xxx(06/10,6700m)""","","","","false","false","false","false","false",""
"GANC64101","GANC","1964","1","1","S Ridge","","","","UK","""Earl of Shaftesbury, Ami Giroud""","","false","false","false","false","","","","","false","false","Switzerland","","4/20/64","5/16/64","","26","34","5/24/64","10","Abandoned at 6250m due to route difficulty","6250","false","false","false","1","0","4","0","0","5","0","0","false","false","true","false","false","false","false","false","false","Attempted Dorje Lhakpa (DORJ-641-01)","""BC(20/04,4980m),C1(5700m),xxx(16/05,6250m)""","No accidents","","","false","false","true","false","true","DORJ64101"
"GAUR64301","GAUR","1964","3","1","NW Face-N Ridge","","","","UK","Don Whillans","British Nepalese Expedition 1964","false","false","false","false","","","","","false","false","","","9/19/64","10/28/64","","39","0","  -   -","10","","6700","false","false","false","5","2300","6","0","0","3","0","0","false","false","true","false","false","false","false","false","false","","""BC(19/09,2625m),ABC(4275m),C1,C2(02/10),C3,C4(5790m),C5(6400m),xxx(28/10,6700m)""","","","","false","false","false","false","false",""
"ANNS64301","ANNS","1964","3","1","NE Face-N Ridge","","","","Japan","Haruo Higuchi","Kyoto University Alpine Club","true","false","false","false","1st","","","","false","false","","Pokhara->Modi Khola->Annapurna Sanctuary (BC)","9/15/64","10/15/64","1230","30","46","10/31/64","1","","7219","false","false","false","5","0","6","1","0","4","1","0","false","false","true","false","false","false","false","false","false","""Climbed Tharpu Chuli (Tent Peak) (THAR-643-01), Annapurna South (Central Smt 1st, 2nd ascents)""","""BC(15/09,4000m),C1(21/09,4600m),C2(27/09,5200m),C3(03/10,5600m),C4(06/10,6200m),C5(12/10,6600m),Smt(15/10)""","","","","false","false","false","false","false",""
"LANG64101","LANG","1964","1","1","S Ridge","","","","Japan","Takeo Suzuki","Osaka City University Himalayan Expedition","false","false","false","false","","","","","false","false","","","4/4/64","4/23/64","","19","0","  -   -","10","Abandoned at 6000m due to difficult knife-edge ridge and avalanche danger","6000","false","false","false","2","0","7","0","0","7","0","0","false","false","true","false","false","false","false","false","false","Climbed Urkinmang (URKM-641-01) and Bhemdang Ri (BHEM-641-01)","""BC(04/04),C1(06/04,4900m),C2(21/04,5700m),xxx(23/04,6000m)""","","","","false","false","false","false","false",""
"TLNG64101","TLNG","1964","1","1","From SW side to S Smt","W Face-S Ridge","","","W Germany","Richard Hechtel","German Alpine Association","false","true","false","false","","1st","","","false","false","USA","Jogbani->Hellok->Ghunsa->Lapsong La->Yalung Glacier (BC)","4/27/64","5/19/64","1500","22","31","5/28/64","1","","7349","false","false","false","3","0","7","1","0","7","1","0","false","false","true","false","false","false","false","false","false","","""BC(27/04,4600m),ABC(01/05,5100m),C1(5600m),C1(6200m),C3(11/05,6750m),Smt(19/05)""","","","","false","false","false","false","false",""
"BARU64101","BARU","1964","1","1","SE Ridge","","","","Japan","Hirotoshi Fukuda","Rikkio University","false","false","false","false","","","","","false","false","","Dharan->Sedua->Barun Glacier (BC)->Sherpani Col->Barun Plateau","4/11/64","5/9/64","","28","41","5/22/64","10","Abandoned at 7150m due to dangerous cornices","7150","false","false","false","3","0","5","0","0","5","0","0","false","false","true","false","false","false","false","false","false","""Climbed Pethangtse (PETH-641-01), attempted Hongku Chuli (Pyramid Peak) (HNKU-641-01)""","""BC1(11/04,5150m),BC2(12/04,5300m),C1(5750m),C2.ABC(6100m),C3(6600m),xxx(09/05,7150m)""","","","","false","false","false","false","false",""
"GYAC64101","GYAC","1964","1","1","W Face-NW Ridge","","","","Japan","Kazuyoshi Kohara","All Japan Himalayan Expedition (Nagoya)","true","false","false","false","""1st,2nd""","","","","false","false","","","3/11/64","4/10/64","1100","30","45","4/25/64","1","","7861","false","false","false","6","0","11","4","1","13","1","0","false","true","false","false","false","true","false","false","false","","""BC(11/03,5280m),C1(17/03,5730m),C2(20/03,5960m),C3(23/03,6410m),C4.ABC(27/03,6650m),C5(01/04,7050m),C6A(06/04,7550m),C6B(09/04,7670m),Smt(10-11/04)""","Otaki killed in fall","","","false","false","false","false","false",""
"EVER64101","EVER","1964","1","2","N Col-NE Ridge (training)","","","","China","Xu Jing","","false","false","false","false","","","","","false","false","","","","","","0","0","  -   -","14","","8100","false","false","false","0","0","20","0","1","60","0","0","false","false","false","false","false","false","false","false","true","","","1 member died of illness","","","true","true","false","false","false",""
"EVER63101","EVER","1963","1","1","S Col-SE Ridge","W Cwm-W Ridge-N Face up; SE Ridge-S Col down","","","USA","Norman Dyhrenfurth","American Mount Everest Expedition 1963","true","true","false","false","""5th,6th""","7th","","","false","false","UK","Khumbu Valley","3/21/63","5/1/63","1300","41","65","5/25/63","1","","8850","true","false","false","6","0","20","5","1","40","1","0","false","true","false","true","false","true","false","false","false","","""BC(21/03,5425m),C1(30/03,6160m),C2.ABC(02/04,6510m),C3(07/04,7250m),C4(15/05,7650m),C5(16/05,7950m),C6(21/05,8300m),Smt(01,22/05); C3W(07/04,7250m),C4W(15/05,7650m),C5W(21/05,8300m),Smt(22/05),Biv(22/05,8530m)""","Breitenbach killed in Khumbu Icefall","","","false","false","false","false","false",""
"TAKP63301","TAKP","1963","3","1","","","","","Japan","Hisao Ando","Northwest Nepal Scientific Research Exp of Hokkaido Univ","false","false","false","false","","","","","false","false","","","","","","0","0","  -   -","12","Did not climb; member and liaison officer arrested by Chinese","0","false","false","false","0","0","6","0","0","0","0","0","true","false","true","false","false","false","false","false","false","""Recon Takphu Main Peak, climbed Takphu minor peak (rte from N side, 1st ascent)""","","","","","false","false","false","false","false",""
"LANG63301","LANG","1963","3","1","E Ridge","","","","Italy","Lino Andreotti","","false","false","false","false","","","","","false","false","","","","","","0","0","  -   -","6","Abandoned at 6000m due to fatal accident","6000","false","false","false","2","0","10","0","2","3","0","0","false","false","true","false","false","false","false","false","false","Claimed climbed Kyungka (1st ascent claimed) and Shalbachum (SHAL-633-01)","""BC,C1,C2,xxx(6000m)""","Rossi and Volante killed in fall","","","false","false","false","false","false",""
"SAIP63301","SAIP","1963","3","1","S Ridge","","","","Japan","Kanji Kojima","Doshisha Himalayan Expedition","true","false","false","false","1st","","","","false","false","","Pithoragarh->Baitadi->Bojang->BC","9/27/63","10/21/63","1205","24","34","10/31/63","1","","7030","false","false","false","4","0","6","1","0","5","1","0","false","false","true","false","false","false","false","false","false","","""BC(27/09),C1(02/10,4750m),C2(08/10,5800m),C3(17/10,6070m),C4(20/10,6450m),Smt(21/10)""","","","","false","false","false","false","false",""
"PK2963301","PK29","1963","3","1","E Ridge","","","","Japan","Hirokazu Kimura","Japanese Himalaya Expedition of Osaka University 1963","false","false","false","false","","","","","false","false","","","10/11/63","10/29/63","","18","0","  -   -","10","Abandoned at 6300m due to route difficulties and lack of food","6300","false","false","false","4","0","5","0","0","4","0","0","false","false","true","false","false","false","false","false","false","","""BC(11/10,4200m),C1(4500m),C2(20/10,5100m),C3(24/10,5700m),C4(29/10,6000m),xxx(6300m)""","","","","false","false","false","false","false",""
"NEMJ63101","NEMJ","1963","1","1","E Ridge from SW","","","","Japan","Hisachika Zengyo","Nippon Telegraph & Telephone Public Corporation","false","false","false","false","","","","","false","false","","","4/12/63","5/13/63","","31","0","  -   -","4","Abandoned at 6800m due to bad weather and shortage of rope","6800","false","false","false","4","0","7","0","0","7","0","0","false","true","false","false","false","false","false","false","false","","""BC(12/04,4200m),C1(17/04,5100m),C2(01/05,5600m),C3(05/05,6200m),C4(09/05),xxx(13/05,6800m)""","","","","false","false","false","false","false",""
"NUMB63101","NUMB","1963","1","1","SW Ridge","","","","Japan","Makoto Numata","Chiba University","true","false","false","false","1st","","","","false","false","Switzerland","Banepa->Junbesi","5/1/63","5/29/63","1250","28","30","5/31/63","1","","6958","false","false","false","5","0","7","1","0","3","1","0","false","false","true","false","false","false","false","false","false","","""BC(01/05,4000m),C1(05/05,4600m),C2(10/05,4600m),C3(15/05,5200m),C4(17/05,5600m),C5(28/05,6200m),Smt(29/05)""","","","","false","false","false","false","false",""
"GHEN63101","GHEN","1963","1","1","E Face","","","","UK","Peter Taylor","","true","false","false","false","1st","","","","false","false","","","5/23/63","5/28/63","","5","10","6/2/63","1","","6596","false","false","false","2","0","2","1","0","2","2","0","false","false","true","false","false","false","false","false","false","","""BC(23/05,4725m),Biv(24/05,5640m),C1(26/05),C2(27/05,6400m),Smt(28/05)""","","Reached summit of Ghenge Liru (not Langtang Lirung)","","false","false","false","false","false",""
"KTEG63101","KTEG","1963","1","1","SE Face","","","","New Zealand","Edmund Hillary","Himalayan Schoolhouse Expedition","true","false","false","false","1st","","","","false","false","""India, UK, USA""","","6/2/63","6/5/63","","3","4","6/6/63","1","","6783","false","false","false","0","0","9","4","0","5","0","0","false","false","true","false","false","false","false","false","false","Attempted Tawoche (TAWO-631-01)","""BC1(02/06),BC2(03/06,5180m),C1(04/06,6190m),Smt(05/06)""","","","","false","false","false","false","false",""
"GYAC62101","GYAC","1962","1","1","","","","","USA","Woodrow Wilson Sayre","","false","false","false","false","","","","","false","false","Switzerland","","","","","0","0","  -   -","12","Had permit but attempted Everest illegally instead","0","false","false","false","0","0","4","0","0","0","0","0","true","false","true","false","false","false","false","false","false","Attempted Everest (EVER-621-02)","","","","","false","false","true","true","true","EVER62102"
"PUMO61401","PUMO","1961","4","1","SE Face-NE Ridge","","","","Switzerland","Werner Staeuble","","false","false","false","false","","","","","false","false","W Germany","","","12/7/61","","0","0","  -   -","6","","6300","false","false","false","0","0","2","0","1","9","0","1","false","false","true","false","false","false","false","false","false","","""xxx(07/12,6300m?)""","Leader and 1 Sherpa killed in fall","","","false","false","false","false","false",""
"EVER60101","EVER","1960","1","1","S Col","","","","India","Gyan Singh","","false","false","false","false","","","","","false","false","Nepal","Khumbu Valley","4/5/60","5/25/60","","50","55","5/30/60","4","Abandoned at 8625m due to high winds","8625","false","false","false","7","0","22","0","0","10","0","0","false","true","false","true","false","true","false","false","false","Attempted Tawoche (to 5600m)","""BC(05/04,5450m),C1(10/04,5850m),C2(15/04,6100m),C3.ABC(17/04,6460m),C4(19/04,6700m),C5(02/05,7300m),C6(09/05,7950m),C7(24/05,8400m),xxx(25/05,8625m)""","","","","true","true","false","false","false",""
"AMAD61101","AMAD","1961","1","1","SW Ridge","","","","New Zealand","Edmund Hillary","Himalayan Scientific and Mountaineering Expedition","true","false","false","false","1st","","","","false","false","""UK, USA""","","","3/13/61","1400","0","0","  -   -","1","","6814","false","false","false","4","0","5","4","0","0","0","0","true","false","true","false","false","false","false","false","false","""Climbed Ombigaichen (OMBG-603-01) and Island Peak (IMJA-603-01), recon Lhotse Shar (LSHR-603-01) and Shartse (SHAR-603-01); attempted Makalu (MAKA-611-01)""","""BC(4575m),C1(5800m),C2,C3,C4,Smt(13/03)""","","1st ascent","","true","false","true","true","true","MAKA61101"
"ANN161101","ANN1","1961","1","1","W side","","","","W Germany","Fritz Stammberger","","false","false","false","false","","","","","false","false","","","","","","0","0","  -   -","14","Termination reason unknown","6000","false","false","false","0","0","1","0","0","0","0","0","false","false","true","false","false","false","false","false","false","","xxx(6000m)","","","","false","false","false","false","false",""
"ANN361101","ANN3","1961","1","1","N Face","","","","India","M. S. Kohli","","true","false","false","false","1st","","","","false","false","","Marshyangdi River->Manang","4/4/61","5/6/61","","32","39","5/13/61","1","","7555","false","false","false","5","0","7","2","0","12","1","0","false","false","true","false","false","false","false","false","false","","""BC(04/04),C1(15/04,4700m),C2(16/04,5300m),C3.ABC(19/04,5730m),C4(22/04,6340m),C5A(25/04,6645m),C5B(05/05,6800m),Smt(06/05)""","","","","false","false","false","false","false",""
"APIM60101","APIM","1960","1","1","NW Face/Ridge","","","","Japan","Yasusuke Tsuda","Doshisha University Himalayan Expedition","true","false","false","false","""1st,2nd""","","","","false","false","","Pithoragarh->Jhulagat->Garbyang","4/21/60","5/10/60","1150","19","26","5/17/60","1","","7132","false","false","false","4","0","5","3","0","7","1","0","false","false","true","false","false","false","false","false","false","","""BC(21/04,4000m),C1(28/04,4650m),C2(02/05,5600m),C3(05/05,6200m),C4(09/05,6600m),Smt(10-11/05)""","","","","false","false","false","false","false",""
"CHAM62101","CHAM","1962","1","1","S Ridge","","","","Japan","Seiki Nakano","Hokkaido University Mount Chamlang Expedition","true","false","false","false","1st","","","","false","false","","Dharan->Tumlingtar->Hongku Khola","5/3/62","5/31/62","1400","28","37","6/9/62","1","","7321","false","false","false","4","1000","7","1","0","5","1","0","false","false","true","false","false","false","false","false","false","","""BC(03/05,4200m),C1(14/05,5200m),C2(17/05,5700m),C3(20/05,6300m),C4(26/05,6650m),Biv(30/05,6850m),Smt(31/05)""","","","","false","false","false","false","false",""
"CHOB60301","CHOB","1960","3","1","","","","","France","Robert Sandoz","","false","false","false","false","","","","","false","false","","","10/6/60","","","0","26","11/1/60","12","Did not attempt climb due to danger from falling ice","0","false","false","false","0","0","6","0","0","0","0","0","true","false","true","false","false","false","false","false","false","""Climbed Parchamo (PARC-603-01), Pimu (PIMU-603-01), Linkhu Chuli II (LIK2-603-01) and Singkar""","""BC(06/10,4400m)""","","","","false","false","false","true","true","LIK260301"
"CHUR62101","CHUR","1962","1","1","N side","","","","Japan","Shijiro Ishizaka","Nihon University","false","false","false","false","","","","","false","false","","Mukut La->Mukutgaon->Kakotgaon->Kaya Khola","6/3/62","","","0","7","6/10/62","9","Abandoned at 5750m to due approaching monsoon and lack of time","5750","false","false","false","0","0","4","0","0","5","0","0","false","false","true","false","false","false","false","false","false","""Climbed Hongde (HONG-621-01), Dhampus (DHAM-621-01), Tongu (TONG-621-01) and Kangtokla (KTOK-621-01); recon Dhaulagiri II""","""BC(03/06,4700m),ABC(5050m),xxx(5750m)""","","","","false","false","false","true","true","HONG62101"
"TAPL63101","TAPL","1963","1","1","W Ridge","S Face","","","Japan","Ken Miyazawa","Tokyo Agricultural University","false","false","false","false","","","","","false","false","","","4/28/63","6/1/63","","34","0","  -   -","10","","6400","false","false","false","2","0","6","0","0","5","0","0","false","false","true","false","false","false","false","false","false","Attempted Gimmigela Chuli (GIMM-631-01); climbed Tsisima (TSIS-631-01) and Tsisima S Peak (both 1st ascents)","""BC(28/04,5100m),C1(5200m),C2(5600m),xxx(01/06,6400m)""","","","","false","false","false","true","true","GIMM63101"
"DHA160101","DHA1","1960","1","1","NE Ridge","","","","Switzerland","Max Eiselin","","true","false","false","false","""1st,2nd""","","","","false","false","""Austria, Poland, USA, W Germany""","By air->Dhampus Col & NE Col","3/28/60","5/13/60","1200","46","63","5/30/60","1","","8167","false","false","false","6","0","13","6","0","7","2","0","false","false","true","false","false","false","false","true","false","Climbed Dhampus (DHAM-601-01) and Little Tukuche Peak (both 1st ascents)","""NEColBC(28/03,4700m),C1(5100m),C2(03/04,5750m),C3(15/04,6590m),C4(29/04,7050m),C5(03/05,7400m),C6(12/05,7800m),Smt(13,23/05)""","","","","false","true","false","false","false",""
"DHA262301","DHA2","1962","3","1","E Ridge from N","","","","S Korea","Park Chul-Am","","false","false","false","false","","","","","false","false","","","","","","0","0","  -   -","14","Termination reason unknown","7750","false","false","false","0","0","0","0","0","0","0","0","false","false","true","false","false","false","false","false","false","","xxx(7750m)","","","","false","false","false","false","false",""
"DHA263101","DHA2","1963","1","1","E Ridge from N","","","","Austria","Egbert Eidher","Austrian Himalayan Association","false","false","false","false","","","","","false","false","","","4/19/63","5/19/63","","30","33","5/22/63","4","Abandoned at 7000m due to bad weather from approaching monsoon","7000","false","false","false","5","0","8","0","0","2","0","0","false","false","true","false","false","false","false","false","false","Attempted Dhaulagiri III (DHA3-631-01)","""BC(19/04),C1(5000m),C2.ABC(5300m),C3(5900m),C4(6200m),C5(18/05,6500m),xxx(19/05,7000m)""","","","","false","false","false","false","false",""
"DHA363101","DHA3","1963","1","1","N side","","","","Austria","Egbert Eidher","","false","false","false","false","","","","","false","false","","","4/19/63","5/18/63","","29","33","5/22/63","4","","6500","false","false","false","5","0","8","0","0","2","0","0","false","false","true","false","false","false","false","false","false","Attempted Dhaulagiri II (DHA2-631-01)","""BC(19/04),C1(5000m),C2.ABC(5300m),C3(5900m),C4(6200m),C5(18/05,6500m),xxx""","","","","false","false","false","true","true","DHA263101"
"DHA662301","DHA6","1962","3","1","W Face from S","","","","UK","J. O. M. Roberts","","false","false","false","false","","","","","false","false","","","","","","0","0","  -   -","10","","6400","false","false","false","0","0","1","0","0","2","0","0","false","false","true","false","false","false","false","false","false","""Climbed Gustang North (GHUN-623-01), attempted Gustang South (GHUS-623-01)""","xxx(6400m)","","","","false","false","false","true","true","GHUN62301"
"DHAM60101","DHAM","1960","1","1","W Ridge","","","","Switzerland","Max Eiselen","","true","false","false","false","1st","","","","false","false","Austria","","3/28/60","","","0","63","5/30/60","1","","6012","false","false","false","0","0","2","1","0","0","0","0","true","false","true","false","false","false","false","false","false","Climbed Dhaulagiri I (DHA1-601-01) and Little Tukuche Peak (both 1st ascents)","Smt(Apr)","","","","false","false","false","true","true","DHA160101"
"DHAM62101","DHAM","1962","1","1","W Ridge","","","","Japan","Shijiro Ishizaka","Nihon University","true","false","false","false","2nd","","","","false","false","","","","4/24/62","","0","0","  -   -","1","","6012","false","false","false","0","0","4","4","0","5","0","0","false","false","true","false","false","false","false","false","false","""Climbed Hongde (HONG-621-01), Tongu (TONG-621-01) and Kangtokla (KTOK-621-01); attempted Churen Himal (CHUR-621-01); recon Dhaulagiri II""","""BC(5000m),Smt(24/04)""","","","","false","false","false","true","true","HONG62101"
"PEMK64301","PEMK","1964","3","1","SW Ridge","","","","Japan","Hiroaki Tamura","","true","false","false","false","2nd","","","","false","false","","","","10/22/64","","0","0","  -   -","1","","6865","false","false","false","0","0","1","1","0","2","0","0","false","false","true","false","false","false","false","false","false","","Smt(22/10)","","","","false","false","false","false","false",""
"PEMK65101","PEMK","1965","1","1","","","","","Japan","""Ikuo Saegi, Tokumi Yamaguchi""","Uozu Alpine Club","false","false","false","false","","","","","false","false","","","","","","0","0","  -   -","14","Termination reason unknown","6000","false","false","false","0","0","2","0","0","0","0","0","false","false","true","false","false","false","false","false","false","","xxx(6000m)","","","","false","false","false","false","false",""
"DORJ64101","DORJ","1964","1","1","W Ridge","","","","UK","""Earl of Shaftesbury, Ami Giroud""","","false","false","false","false","","","","","false","false","Switzerland","Trisuli->Dunche->Langtang Valley","4/20/64","5/8/64","","18","33","5/23/64","4","Abandoned at 6300m due to heavy snowfall","6300","false","false","false","4","0","4","0","0","5","0","0","false","false","true","false","false","false","false","false","false","Attempted Ganchempo (GANC-641-01)","""BC(20/04,4980m),C1(24/04,4725m),C2(26/04),C3(29/04,5600m),C4(06/05,5950m),xxx(08,10/05,6300m)""","","","","false","false","false","false","false",""
"DROM63301","DROM","1963","3","1","","","","","Japan","Kenji Ishihara","Tokyo-Osaka University Joint Himalayan Expedition","false","false","false","false","","","","","false","false","","Kangbachen BC->Ghunsa BC","10/28/63","","","0","23","11/20/63","14","Termination reason unknown","6100","false","false","false","0","0","4","0","0","0","0","0","true","false","true","false","false","false","false","false","false","""Climbed Sharphu (SPHU-633-01), Tsisima (TSIS-633-01) and Syamdo Kangri (1st); attempted Talung (TLNG-633-01) and Merra (MERR-633-01); climbed 2 Tibetan peaks in Ombak Himal (OMBK-633-01)""","""BC(28/10,3800m),xxx(6100m)""","","","","false","false","true","true","true","SPHU63301"
"EVER60102","EVER","1960","1","2","N Col-NE Ridge","","","","China","Shi Zhang-Chun","","true","false","false","false","4th","","","","false","false","","","3/19/60","5/25/60","205","67","0","  -   -","1","","8850","false","false","false","8","0","29","3","1","99","0","0","false","true","false","true","false","false","false","false","false","","""BC(19/03,5120m),C1(25/03,5400m),C2(26/03,5900m),C3(27/03,6400m),C4(27/03,6600m),C5(7000m),C6(29/04,7400m),C7(02/05,8100m),C8(03/05,8500m),Smt(25/05)""","","","","true","true","false","false","false",""
"EVER62101","EVER","1962","1","1","S Col-SE Ridge","","","","India","John Dias","","false","false","false","false","","","","","false","false","","","3/29/62","5/30/62","","62","0","  -   -","4","Abandoned at 8720m due to high winds","8720","false","false","false","7","0","14","0","0","44","0","1","false","true","false","true","false","true","false","false","false","","""BC(29/03,5360m),C1(01/04,5800m),C2(6560m),C3(07/04,6560m),C4(08/04,6830m),C5(06/05,7200m),C6(24/05,8000m),C7(28/05,8440m),xxx(30/05,8720m)""","1 Sherpa killed by falling rock below C4","","","true","true","false","false","false",""
"EVER62102","EVER","1962","1","1","N Col-N Face","","","","USA","Woodrow Wilson Sayre","","false","false","false","false","","","","","false","false","Switzerland","Gokyo Valley->Gyachung Kang (BC)->Nup La->Rongbuk Glacier (C7)","4/24/62","6/4/62","","41","55","6/18/62","7","Abandoned at 7700m due to exhaustion","7700","false","false","false","14","0","4","0","0","0","0","0","true","false","true","false","false","false","false","false","false","Had permit for Gyachung Kang (GYAC-621-01)","""BC(24/04,5030m),C1,...,C7,C8,C9,C10,C11,C12(31/05,7000m),C13,C14(7300m),xxx(04/06,7700m)""","","","","true","true","false","false","false",""
"EVER66101","EVER","1966","1","2","""N Col (training, recon)""","","","","China","Xu Jing","","false","false","false","false","","","","","false","false","","","","","","0","0","  -   -","6","Abandoned at 8100 due to fatal fall","8100","false","false","false","5","0","20","0","1","60","0","0","false","true","false","true","false","false","false","false","false","","""BC(5120m),C1(5000m),C2(5500m),C3(5900m),C4(6500m),C5(7030m),xxx(8100m)""","1 confirmed dead in fall; rumored many others dead (24?) because of insufficient equipment and reliance on Mao thoughts","","","true","true","false","false","false",""
"EVER68101","EVER","1968","1","2","""N side (attempt reported, not confirmed)""","","","","China","","","false","false","false","false","","","","","false","false","","","","","","0","0","  -   -","13","","0","false","false","false","0","0","0","0","0","0","0","0","false","false","false","false","false","false","false","false","false","","","","","","false","false","false","false","false",""
"GAN160101","GAN1","1960","1","1","SE Ridge-E Peak","","","","UK","P. J. Wallace","","false","false","false","false","","","","","false","false","","Chilime Valley","5/7/60","5/31/60","","24","27","6/3/60","2","Reached E Summit (est. 6700m)","6700","false","false","false","0","0","1","0","0","3","0","0","false","false","true","false","false","false","false","false","false","Climbed Ganesh East Pk (1st ascent)","""BC(07/05),ABC(11/05),C1(12/05,5030m),C2(14/05,5700m),C3(30/05,6500m),E-Smt(31/05,6700m)""","","Reached E Summit on 05/31/60 (Wallace and Sherpas)","","false","false","false","false","false",""
"GHUN62301","GHUN","1962","3","1","N side","","","","UK","J. O. M. Roberts","","true","false","false","false","""1st,2nd""","","","","false","false","","Muri Gurja Khola","10/5/62","10/22/62","","17","0","  -   -","1","","6529","false","false","false","3","0","1","1","0","5","5","0","false","false","true","false","false","false","false","false","false","""Attempted Dhaulagiri VI (DHA6-623-01), Gustang South (GHUS-623-01)""","""BC,C1,C2(18/10,5400m),C3(21/10,5850m),Smt(22,24/10)""","","","","false","false","false","false","false",""
"GHUN65301","GHUN","1965","3","1","N side","","","","UK","John R. Sims","British Royal Air Force Dhaulagiri Expedition","true","false","false","false","""3rd,4th""","","","","false","false","","","9/19/65","10/17/65","","28","0","  -   -","1","","6529","false","false","false","2","0","5","4","0","8","0","0","false","false","true","false","false","false","false","false","false","Attempted Dhaulagiri VI (DHA6-653-01)","""BC(19/09,4025m),GlacierBC(4725m),C1(5360m),C2.ABC(05/10,5800m),Smt(17-18/10)""","","","","false","false","true","false","true","DHA665301"
"GHUN69301","GHUN","1969","3","1","N side","","","","Japan","Yoshimi Yakushi","Kitanippon Press & Kitanippon Broadcasting Company","true","false","false","false","5th","","","","false","false","","","10/4/69","10/30/69","","26","35","11/8/69","1","","6529","false","false","false","3","0","2","1","0","1","1","0","false","false","true","false","false","false","false","false","false","Climbed Gurja Himal (GURJ-693-01)","""BC(04/10,4100m),C1(09/10,4750m),C2A(14/10,5000m),C2B(18/10,5300m),C3.ABC(22/10,5750m),Smt(30/10)""","","","","false","false","true","true","true","GURJ69301"
"GHUS62301","GHUS","1962","3","1","N side","","","","UK","J. O. M. Roberts","","false","false","false","false","","","","","false","false","","","10/5/62","","","0","0","  -   -","5","Abandoned due to danger of falling ice","0","false","false","false","1","0","1","0","0","2","0","0","false","false","true","false","false","false","false","false","false","""Climbed Gustang North (GHUN-623-01), attempted Dhaulagiri VI (DHA6-623-01)""","""BC(05/10),C1,xxx""","","","","false","false","false","true","true","GHUN62301"
"MATA61101","MATA","1961","1","1","NW Col","","","","UK","John Tyson","","true","false","false","false","1st","","","","false","false","","Nepaljung->Jajarkot->Kaigaon","5/4/61","5/16/61","","12","0","  -   -","1","","5767","false","false","false","2","0","3","3","0","3","2","0","false","false","true","false","false","false","false","false","false","Climbed unnamed peak of Sisne Himal (1st ascent)","""BC(04/05),C1,C2,Smt(16/05)""","","","","false","false","false","false","false",""
"GIMM63101","GIMM","1963","1","1","W Ridge","","","","Japan","Ken Miyazawa","","false","false","false","false","","","","","false","false","","Dharan->Taplejung->Ghunsa","4/28/63","5/23/63","","25","0","  -   -","4","Abandoned at 7000m due to wind and snowstorm","7000","false","false","false","5","0","6","0","0","5","0","0","false","false","true","false","false","false","false","false","false","Attempted Taple Shikhar (TAPL-631-01); climbed Tsisima (TSIS-631-01) and Tsisima S Peak (both 1st ascents)","""BC(28/04,5100m),C1(5200m),C2(5600m),C3(14/05,6100m),C4(6600m),C5(23/05,7000m),xxx""","","","","false","false","false","false","false",""
"GLAC65101","GLAC","1965","1","1","S Ridge","","","","W Germany","Guenter Hauser","German Alpine Association","true","false","false","false","2nd","","","","false","false","","","4/6/65","5/29/65","1100","53","58","6/3/65","1","","7069","false","false","false","4","0","8","5","0","9","1","0","false","false","true","false","false","false","false","false","false","Climbed Gangapurna (GANG-651-01) and Tharpu Chuli (Tent Peak) (THAR-651-01); permit for Annapurna I (ANN1-651-01)","""BC(06/04,3750m),C1(19/05,4550m),C2(23/05,5250m),C3(26/05,5700m),C4(28/05,6400m),Smt(29/05)""","","","","false","false","true","true","true","GANG65101"
"GLAC69101","GLAC","1969","1","1","SW side","","","","W Germany","Ludwig Greissl","","true","false","false","false","3rd-5th","","","","false","false","","","4/2/69","5/4/69","","32","0","  -   -","1","","7069","false","true","false","5","0","9","7","0","5","0","0","false","false","true","false","false","false","false","false","false","Attempted Annapurna I (ANN1-691-01); climbed Roc Noir (ROCN-691-01)","""BC(02/04,4300m),C1(09/04,5200m),C2(16/04,5900m),C3(22/04,6200m),C4(03/05,6500m),C5(07/05,7070m),Smt(04,09,18/05)""","","1st ski descent","","false","false","true","true","true","ANN169101"
"LEOE60101","LEOE","1960","1","1","SW Ridge","","","","Japan","Hisayaki Ito","All Japan Himalayan Expedition (Nagoya)","true","false","false","false","2nd","","","","false","false","","","4/18/60","5/10/60","","22","43","5/31/60","1","","6733","false","false","false","0","0","3","2","0","1","1","0","false","false","true","false","false","false","false","false","false","Climbed Bhairab Takura (BTAK-601-01); attempted Leonpo Gang (LEON-601-01)","""BC(18/04,4200m),Smt(10/05)""","","2nd ascent by 2 Japanese and 1 Sherpa","","false","false","false","true","true","LEON60101"
"LEOE61101","LEOE","1961","1","1","SW Ridge","","","","Japan","Tokujiro Kajimoto","All Japan Mountaineering Association Himalayan Expedition","true","false","false","false","3rd","","","","false","false","","","4/15/61","5/11/61","","26","39","5/24/61","1","","6733","false","false","false","4","0","2","2","0","4","4","0","false","false","true","false","false","false","false","false","false","Climbed Gumasi Peak; recon Leonpo Gang (LEON-611-01)","""BC(15/04,4200m),C1(17/04,4400m),C2(19/04,4900m),C3(24/04,5400m),C4(27/04,5800m),Smt(11/05)""","","","","false","false","false","true","true","LEON61101"
"HIME60101","HIME","1960","1","1","SW Face","","","","Japan","Jiro Yamada","Keio University Himalayan Expedition","true","false","false","false","""1st,2nd""","","","","false","false","","","4/19/60","5/24/60","1310","35","44","6/2/60","1","","7893","false","false","false","6","0","10","4","0","15","0","1","false","true","false","true","false","true","false","false","false","Climbed on Himalchuli West (HIMW-601-01)","""BC(19/04,4200m),C1(25/04,5180m),C2(01/05,5760m),C3(07/05,6300m),C4(19/05,6600m),C5(22/05,7000m),C6(23/05,7300m),Smt(24-25/05)""","1 Sherpa died in climbing accident","","","false","false","false","false","false",""
"HIMW60101","HIMW","1960","1","1","W Col","","","","Japan","Jiro Yamada","Keio University","false","false","false","false","","","","","false","false","","","4/19/60","5/24/60","","35","44","6/2/60","14","Climbed only to 7450m to film Himalchuli ascent team","7450","false","false","false","6","0","2","0","0","1","0","0","false","false","true","false","false","false","false","false","false","Climbed Himalchuli Main (HIME-601-01)","""BC(19/04,4200m),C1(25/04,5180m),C2(01/05,5760m),C3(07/05,6300m),C4(19/05,6600m),C5(22/05,7000m),C6(23/05,7300m),xxx(25/05,7450m)""","","Reached 7450m while climbing Main peak","","false","false","false","true","true","HIME60101"
"HIUP68301","HIUP","1968","3","1","","","","","USA","","","false","false","false","false","","","","","false","false","","","","","","0","0","  -   -","13","","0","false","false","false","0","0","0","0","0","0","0","0","false","false","true","false","false","false","false","false","false","","","","","","false","false","false","false","false",""
"HNKU64101","HNKU","1964","1","1","","","","","Japan","Hirotoshi Fukuda","Rikkio University","false","false","false","false","","","","","false","false","","Sherpani Col->Barun Plateau (ABC)","4/11/64","5/16/64","","35","41","5/22/64","10","","6500","false","false","false","1","0","3","0","0","3","0","0","false","false","true","false","false","false","false","false","false","Climbed Pethangtse (PETH-641-01); attempted Baruntse (BARU-641-01)","""BC(11/04,5150m),ABC(6100m),C1,xxx(16/05,6500m)""","","","","false","false","true","true","true","BARU64101"
"HONG62101","HONG","1962","1","1","NE Ridge from E","","","","Japan","Shijiro Ishizaka","Nihon University Mountaineering Club","true","false","false","false","1st","","","","false","false","","","5/6/62","5/8/62","","2","0","  -   -","1","","6556","false","false","false","1","0","4","3","0","5","2","0","false","false","true","false","false","false","false","false","false","""Climbed Dhampus (DHAM-621-01), Tongu (TONG-621-01) and Kangtokla (KTOK-621-01); attempted Churen Himal (CHUR-621-01); recon Dhaulagiri II""","""BC(06/05,5450m),ABC(07/05),Smt(08/05)""","","","","false","false","false","false","false",""
"JANU62101","JANU","1962","1","1","S Ridge","","","","France","Lionel Terray","","true","false","false","false","""1st,2nd""","","","","false","false","","Darjeeling->Tamar Valley->Ghunsa->Yamatari Glacier","3/18/62","4/27/62","1830","40","0","  -   -","1","","7711","false","false","false","6","0","12","9","0","30","2","0","false","false","true","false","false","false","false","false","false","","""BC(18/03,4450m),C1(26/03,4800m),C2(29/03,5200m),C3.ABC(05/04,6000m),C4(10/04,6400m),C5(15/04,6900m),C6(7350m),Smt(27-28/04)""","","","","false","false","false","false","false",""
"KABD64101","KABD","1964","1","3","","","","","India","Biswadeb Biswas","Sikkim Himalayan Expedition","false","false","false","false","1st claimed","","","","true","false","","","","","","0","0","  -   -","3","Success claimed","6660","false","false","false","0","0","0","0","0","0","0","0","false","false","true","false","false","false","false","false","false","","","","""1st ascent claimed, but not generally accepted""","","false","false","false","false","false",""
"KAG162101","KAG1","1962","1","1","N Face","","","","UK","Dorothea Gravina","","true","false","false","false","1st","","","","false","false","","Nepalganj->Jajarkot->Kaigaon","","5/23/62","1200","0","0","  -   -","1","","5978","false","false","false","0","0","6","4","0","7","3","0","false","false","true","false","false","false","false","false","false","""Climbed Lha Shamma (LHAS-621-01), Kagmara II, Kagmara III, Dawa's Peak, Twin Peak and Triangle Peak (all 1st ascents)""","Smt(23/05)","","","","false","false","false","true","true","LHAS62101"
"KAG166101","KAG1","1966","1","1","NW side","","","","Nepal","Harka Gurung","","false","false","false","false","","","","","false","false","","","5/8/66","5/8/66","","0","1","5/9/66","14","Abandoned at 5600m due to difficulty with climbing alone on the glacier","5600","false","false","false","0","0","1","0","0","0","0","0","true","false","true","false","false","false","false","false","false","","""xxx(08/85,5600m)""","","","","false","false","false","false","false",""
"KAND63301","KAND","1963","3","1","W Ridge","","","","Japan","Kazutoshi Nagasawa","Tokai University","false","false","false","false","","","","","false","false","","","9/7/63","9/13/63","","6","0","  -   -","10","","6500","false","false","false","0","0","3","0","0","2","0","0","false","false","true","false","false","false","false","false","false","","""BC(07/09),C1(09/09),C2(10/09),xxx(13/09,6500m?)""","","","","false","false","false","false","false",""
"KGUR65101","KGUR","1965","1","1","","","","","Iran","","","false","false","false","false","","","","","false","false","","","","","","0","0","  -   -","13","Success claimed (no details available)","6981","false","false","false","0","0","0","0","0","0","0","0","false","false","false","false","false","false","false","false","false","","","","","","false","false","false","false","false",""
"KOTA62101","KOTA","1962","1","3","SW Ridge-S Smt","","","","India","K. P. Rana","Indian Army Expedition","false","false","false","false","","","","","false","false","","","","5/26/62","","0","0","  -   -","2","Success only to South Summit (6038m)","6038","false","false","false","0","0","3","0","0","2","0","0","false","false","true","false","false","false","false","false","false","","""S-Smt(26/05,6038m)""","","1st ascent of South Summit","","false","false","false","false","false",""
"KOTA63301","KOTA","1963","3","3","SW Ridge-S Smt","","","","India","Ang Temba Sherpa","HMI Advanced Climbing Course","false","false","false","false","","","","","false","false","Nepal","","","","","0","0","  -   -","2","Success only to South Summit (6038m)","6038","false","false","false","0","0","0","0","0","0","0","0","false","false","true","false","false","false","false","false","false","","S-Smt(6038m)","","","","false","false","false","false","false",""
"KOTA66101","KOTA","1966","1","3","SE Face-SW Ridge-Cntrl Smt","","","","India","Pushpa Athavle","Indian Women's Expedition","false","false","false","false","","","","","false","false","","","4/8/66","4/18/66","1145","10","16","4/24/66","2","Successful only to Central Smt (6100m); ridge too sharp and ice-covered to proceed further","6100","false","false","false","2","0","6","0","0","4","0","0","false","false","true","false","false","false","false","false","false","","""BC(08/04,4660m),C1(13/04,5120m),C2(15/04,5730m),Cntrl-Smt(18/04,6100m)""","","1st ascent of Central Summit","","false","false","false","false","false",""
"LANG61101","LANG","1961","1","1","Lirung Glacier-E Ridge","","","","Japan","Kaichi Morimoto","Osaka City University","false","false","false","false","","","","","false","false","","","4/8/61","","","0","35","5/13/61","6","Abandoned after 2 members and 1 Sherpa killed by avalanche","6450","false","false","false","3","0","6","0","2","5","0","1","false","false","true","false","false","false","false","false","false","","""BC(08/04,4000m),C1(13/04,4200m),C2(16/04,5070m),C3(21/04,5600m),xxx(6450m)""","""Leader, 1 member and 1 Sherpa killed in avalanche""","","","false","false","false","false","false",""
"LEON60101","LEON","1960","1","1","E Ridge","","","","Japan","Hisayaki Ito","","false","false","false","false","","","","","false","false","","","4/18/60","5/7/60","","19","43","5/31/60","4","","6799","false","false","false","5","0","8","0","0","9","0","0","false","false","true","false","false","false","false","false","false","Climbed Leonpo Gang East (LEOE-601-01) and Bhairab Takura (BTAK-601-01)","""BC(18/04,4200m),C1(21/04,4500m),C2(23/04,5000m),C3(02/05,5500m),C4(06/05,6200m),C5(07/05,6799m),xxx""","","","","false","false","false","false","false",""
"LEON61101","LEON","1961","1","1","E Ridge","","","","Japan","Tokujiro Kajimoto","All Japan Mountaineering Association Himalayan Expedition","false","false","false","false","","","","","false","false","","","4/15/61","5/13/61","","28","39","5/24/61","4","Abandoned at 7050m due to bad weather and shortage of food in high camps","7050","false","false","false","6","0","13","0","0","13","0","0","false","false","true","false","false","false","false","false","false","""Climbed Leonpo Gang East (LEOE-611-01) and Gumasi Peak (May 13 by Nomura, Yamada, 2 Sherpas)""","""BC(15/04,4200m),C1(17/04,4400m),C2(19/04,4900m),C3(24/04,5400m),C4(27/04,5800m),C5(30/04,6100m),C6(10/05,6700m),Biv(12/05,6990m),xxx(13/05,7050m)""","","","","false","false","false","false","false",""
"LEON62101","LEON","1962","1","1","E Ridge from Phurbi Chyachumbu Glacier","","","","Japan","Akira Takahashi","All Japan Himalayan Expedition (Tokyo)","true","false","false","false","""1st,2nd""","","","","false","false","","","3/24/62","5/3/62","1403","40","54","5/17/62","1","","6979","false","false","false","7","0","8","7","0","9","0","0","false","false","true","false","false","false","false","false","false","","""BC(24/03,4075m),ABC(28/03,4450m),C1(4400m),C2(5020m),C3(10/04,5380m),C4(5640m),C5(5910m),C6(6450m),C7(6850m),Smt(03,05/05)""","","","","false","false","false","false","false",""
"LHAS62101","LHAS","1962","1","1","SW Ridge","","","","UK","Dorothea Gravina","","true","false","false","false","""1st,2nd""","","","","false","false","","Nepalganj->Jajarkot->Kaigaon","","5/14/62","930","0","0","  -   -","1","","6412","false","false","false","3","0","6","4","0","7","3","0","false","false","true","false","false","false","false","false","false","""Climbed Kagmara I (KAG1-621-01), Kagmara II, Kagmara III, Dawa's Peak, Twin Peak and Triangle Peak (all 1st ascents)""","""BC,C1(30/04),C2(03/05,5500m),C3(04/05,6100m),Smt(14-15/05)""","","","","false","false","false","false","false",""
"LHAS64301","LHAS","1964","3","1","W Ridge","","","","UK","John Baird Tyson","Mount Everest Foundation and Royal Geographical Society","false","false","false","false","","","","","false","false","","","","","","0","0","  -   -","4","Abandoned at 6250m due to snow falling","6250","false","false","false","0","0","5","0","0","3","0","0","false","false","true","false","false","false","false","false","false","Climbed Bhulu Lasa (1st ascent) (BHUL-643-01)","""BC(4200m),C1(5800m),xxx(6260m)""","","","","false","false","false","false","false",""
"LSHR60301","LSHR","1960","3","1","SE Ridge (recon)","","","","New Zealand","Edmund Hillary","Himalayan Scientific and Mountaineering Expedition","false","false","false","false","","","","","false","false","","Chhukung Valley","","","","0","0","  -   -","10","","6700","false","false","false","0","0","4","0","0","0","0","0","true","false","true","false","false","false","false","false","false","Climbed Ombigaichen (OMBG-603-01) and Island Peak (IMJA-603-01); climbed Ama Dablam (AMAD-611-01); attempted Makalu (MAKA-611-01)","""xxx(Nov,6700m)""","","","","false","false","false","true","true","MAKA61101"
"BTAK60101","BTAK","1960","1","1","S Ridge","","","","Japan","Hisayaki Ito","","true","false","false","false","1st","","","","false","false","","","4/18/60","5/7/60","","19","43","5/31/60","1","","6799","false","false","false","4","0","3","2","0","1","1","0","false","false","true","false","false","false","false","false","false","Climbed Leonpo Gang East (LEOE-601-01); attempted Leonpo Gang (LEON-601-01)","""BC(18/04,4200m),C1(21/04,4500m),C2(23/04,5000m),C3(02/05,5500m),C4(06/05,6200m),Smt(07/05)""","","1st ascent by 2 Japanese and 1 Sherpa","","false","false","false","true","true","LEON60101"
"MAKA61101","MAKA","1961","1","1","Makalu La-N Face","","","","New Zealand","Edmund Hillary","Himalayan Scientific and Mountaineering Expedition","false","false","false","false","","","","","false","false","""UK, USA""","","4/17/61","5/18/61","","31","0","  -   -","7","Abandoned at 8350m due to alititude sickness","8350","false","false","false","7","0","17","0","0","50","0","0","false","true","false","true","false","false","true","false","false","""Climbed Ombigaichen (OMBG-603-01) and Island Peak (IMJA-603-01), recon Lhotse Shar (LSHR-603-01) and Shartse (SHAR-603-01); climbed Ama Dablam (AMAD-611-01)""","""BC.C1(17/04,5180m),C2(5940m),C3(6475m),C4(01/05,7000m),C5(7450m),C6(7860m),C7(8230m),xxx(18/05,8350m)""","","","","false","false","false","false","false",""
"MAKA69101","MAKA","1969","1","1","S Col (recon)","","","","Japan","Masaji Matsuura","Japanese Alpine Club (Tokai section)","false","false","false","false","","","","","false","false","","Dharan->Sedua->Barun La->Barun Glacier (BC)","4/6/69","4/28/69","","22","33","5/9/69","12","Abandoned at 6650m (recon only)","6650","false","false","false","4","0","5","0","0","2","0","0","false","false","true","false","false","false","false","false","false","","""BC(06/04,4700m),C1(13/04,5000m),C2(17/04,5310m),C3(20/04,5780m),C4(25/04,6300m),xxx(28/04,6650m)""","","","","false","false","false","false","false",""
"MANN64301","MANN","1964","3","1","S Ridge","","","","Netherlands","Jan Boon","Royal Dutch Alpine Club","true","false","false","false","1st","","","","false","true","Austria","","10/17/64","10/25/64","1200","8","0","  -   -","1","","6994","false","false","false","0","0","5","3","0","6","2","0","false","false","true","false","false","false","false","false","false","Intended to climb Nemjung (NEMJ-643-01)","""BC(17/10,4250m),C1(19/10,5200m),C2(20/10),C3(22/10,6000m),C4(23/10,6400m),Smt(25/10)""","","","","false","false","false","false","false",""
"MARD62101","MARD","1962","1","1","NE Ridge","","","","UK","J. O. M. Roberts","","true","false","false","false","1st","","","","false","false","","","4/22/62","4/23/62","","1","1","4/23/62","1","","5553","false","false","false","1","0","1","1","0","2","2","0","false","false","true","false","false","false","false","false","false","","""C1(22/04,4630m),Smt(23/04)""","","","","false","false","false","false","false",""
"MARD67001","MARD","1967","0","1","","","","","UK","","Mountain Travel trekking group","false","false","false","false","2nd","","","","false","false","W Germany","","","","","0","0","  -   -","1","","5553","false","false","false","0","0","0","0","0","0","0","0","false","false","true","false","false","false","false","false","false","","","","","","false","false","false","false","false",""
"MERA62301","MERA","1962","3","1","NE Face","","","","Austria","Erwin Schneider","","true","false","false","false","2nd","","","","false","false","Switzerland","","","","","0","0","  -   -","1","","6470","false","false","false","0","0","2","2","0","0","0","0","false","false","true","false","false","false","false","false","false","","","","","","false","false","false","false","false",""
"MING61301","MING","1961","3","1","From Mera La","","","","UK","J. S. Keen","Royal Warwickshire Regiment","false","false","false","false","","","","","false","false","Nepal","Khumbu Valley->Mingbo La","11/24/61","11/28/61","","4","5","11/29/61","10","Abandoned at 5950m due to deep crevasse and no bridging equipment","5950","false","false","false","1","0","8","0","0","2","0","0","false","false","true","false","false","false","false","false","false","","""BC(24/11,4875m),ABC(27/11,5800m),xxx(28/11,5950m)""","","","","false","false","false","false","false",""
"NCHU62101","NCHU","1962","1","1","E Ridge-Border Ridge","","","","Japan","Sasuke Nakao","Northeast Nepal Scientific Research Exp - Osaka City Univ","true","false","false","false","1st-3rd","","","","false","false","","Darjeeling->Ilam->Kabeli Khola->Kangbachen (BC)","5/7/62","5/20/62","1100","13","0","  -   -","1","","6044","false","false","false","3","0","9","6","0","6","3","0","false","false","true","false","false","false","false","false","false","","""BC(07/05,4150m),ABC(11/05,4950m),C1(14/05,5600m),C2(18/05,6150m),C3(19/05,6750m),Smt(20-21/05)""","","","","false","false","false","false","false",""
"NGO265101","NGO2","1965","1","1","S Face-S Ridge","","","","Japan","Susumu Takahashi","Nepal Himalayan Academic Expedition of Meiji University","true","false","false","false","1st","","","","false","false","","Namche->Gokyo","3/22/65","4/24/65","1704","33","37","4/28/65","1","","7743","false","false","false","4","0","8","1","0","6","1","0","false","false","true","false","false","false","false","false","false","","""BC(22/03,5000m),C1(04/04,5700m),C2(10/04,6000m),C3(18/04,6500m),C4(22/04,6900m),Smt(24/04)""","","""Originally claimed ascent of Ngojumba Kang, but later realized they had climbed Ngojumba Kang II""","","false","false","false","false","false",""
"NILN62301","NILN","1962","3","1","N Face-W Ridge","","","","Netherlands","C. G. Egeler","","true","false","false","false","1st","","","","false","false","France","","10/6/62","10/19/62","","13","0","  -   -","1","","7061","false","false","false","3","0","10","4","0","10","1","0","false","false","true","false","false","false","false","false","false","","""BC(06/10,4000m),C1(07/10,5350m),C2(10/10,5850m),C3(18/10,6420m),Smt(19/10)""","","","","false","false","false","false","false",""
"NUPT61101","NUPT","1961","1","1","Central Ridge of S Face","","","","UK","Joseph Walmsley","","true","false","false","false","""1st,2nd""","","","","false","false","","Khumbu Valley","4/11/61","5/16/61","1615","35","43","5/24/61","1","","7864","false","false","false","8","0","9","4","0","6","2","0","false","false","true","false","false","false","false","false","false","","""BC(11/04,5180m),C1(13/04,5485m),C2(14/04,5800m),C3(15/04,6035m),C4A,C4B,C4(28/04,6300m),C5(06/05,6580m),C6(11/05,6860m),C7(13/05,7160m),C8(15/05,7250m),Smt(16-17/05)""","","","","false","false","false","false","false",""
"OMBK63301","OMBK","1963","3","1","","","","","Japan","Kenji Ishihara","Tokyo-Osaka University Joint Himalayan Expedition","true","false","false","false","1st of 2 peaks","","","","false","false","","Ghunsa->Walungchung Ghola->Umbak Himal","","","","0","0","  -   -","1","","6500","false","false","false","0","0","5","3","0","2","1","0","false","false","true","false","false","false","false","false","false","""Climbed Sharphu (SPHU-633-01), Tsisima (TSIS-633-01) and Syamdo Kangri (1st); attempted Drohmo (DROM-633-01), Talung (TLNG-633-01) and Merra (MERR-633-01)""","Smt(Dec)","","","","false","false","true","true","true","SPHU63301"
"PARC60301","PARC","1960","3","1","N Ridge","","","","France","Robert Sandoz","","true","false","false","false","2nd","","","","false","false","","","11/3/60","11/3/60","","0","0","11/3/60","1","","6279","false","false","false","0","0","6","2","0","1","1","0","false","false","true","false","false","false","false","false","false","""Climbed Pimu (PIMU-603-01), Linkhu Chuli II (LIK2-603-01) and Singkar; recon Chobuje (CHOB-603-01)""","Smt(03/11)","","","","false","false","false","true","true","LIK260301"
"PETH64101","PETH","1964","1","1","S side","","","","Japan","Hirotoshi Fukuda","Rikkio University","true","false","false","false","4th (or 5th)","","","","false","false","","Sherpani Col->Barun Plateau (ABC)","4/11/64","5/16/64","","35","41","5/22/64","1","","6739","false","false","false","1","0","3","2","0","2","2","0","false","false","true","false","false","false","false","false","false","Attempted Baruntse (BARU-641-01) and Hongku Chuli (Pyramid Peak) (HNKU-641-01)","""BC(11/04,5150m),ABC(6100m),C1,Smt(16/05)""","","","","false","false","true","true","true","BARU64101"
"PIMU60301","PIMU","1960","3","1","","","","","France","Robert Sandoz","","true","false","false","false","2nd","","","","false","false","","","10/6/60","10/30/60","","24","26","11/1/60","1","","6344","false","false","false","0","0","6","2","0","0","0","0","false","false","true","false","false","false","false","false","false","""Climbed Parchamo (PARC-603-01), Linkhu Chuli II (LIK2-603-01) and Singkar; recon Chobuje (CHOB-603-01)""","""BC(06/10),Smt(30/10)""","","","","false","false","false","true","true","LIK260301"
"PK2961101","PK29","1961","1","1","W side (recon)","","","","Japan","Gunji Shinoda","Osaka City University","false","false","false","false","","","","","false","false","","Pokhara->Marshyangdi Valley","4/30/61","","","0","30","5/30/61","12","","0","false","false","false","0","0","8","0","0","0","0","0","true","false","true","false","false","false","false","false","false","","BC(30/04)","","","","false","false","false","false","false",""
"OMBG60301","OMBG","1960","3","1","NW Ridge","","","","New Zealand","Edmund Hillary","Himalayan Scientific and Mountaineering Expedition","true","false","false","false","""1st,2nd""","","","","false","false","UK","","","11/18/60","","0","0","  -   -","1","","6340","false","false","false","0","0","3","2","0","2","2","0","false","false","true","false","false","false","false","false","false","""Climbed Island Peak (IMJA-603-01), recon Lhotse Shar (LSHR-603-01) and Shartse (SHAR-603-01); climbed Ama Dablam (AMAD-611-01), attempted Makalu (MAKA-611-01)""","""BC(5800m),Smt(18,22/11)""","","","","false","false","false","true","true","MAKA61101"
"PUMO62101","PUMO","1962","1","1","NE Ridge","","","","W Germany","Gerhard Lenser","","true","false","false","false","1st","","","","false","false","Switzerland","","4/4/62","5/17/62","1100","43","49","5/23/62","1","","7138","false","false","false","5","0","4","4","0","4","0","0","false","false","true","false","false","false","false","false","false","","""BC(04/04,5300m),C1(5500m),C2(6050m),C3(6220m),C4(14/05,6425m),C5(16/05,6650m),Smt(17/05)""","","","","false","false","false","false","false",""
"RATH64301","RATH","1964","3","1","W Face from Yalung Glacier","","","","India","B. S. Jaswal","","true","false","false","false","""1st,2nd""","","","","false","false","","From Darjeeling","10/21/64","10/29/64","1315","8","0","  -   -","1","","6682","false","false","false","0","0","28","11","0","14","0","0","false","false","true","false","false","false","false","false","false","","""BC(21/10,4572m),C1(23/10,5200m),C2(28/10,6250m),Smt(29-30/10)""","","","","false","false","false","false","false",""
"ROCN69101","ROCN","1969","1","1","Glacier Dome-E Ridge","","","","W Germany","Ludwig Greissl","","true","false","false","false","""1st,2nd""","","","","false","false","","","4/2/69","5/9/69","","37","0","  -   -","1","","7485","false","false","false","0","0","9","5","0","5","0","0","false","false","true","false","false","false","false","true","false","Attempted Annapurna I (ANN1-691-01); climbed Glacier Dome (GLAC-691-01)","""BC(02/04,4300m),C1(09/04,5200m),C2(16/04,5900m),C3(22/04,6200m),C4(03/05,6500m),C5(07/05,7070m),C6(11/05,7250m),Smt(09,18/05)""","","","","false","false","true","true","true","ANN169101"
"TAWO63101","TAWO","1963","1","1","E Face","","","","New Zealand","Edmund Hillary","Himalayan Schoolhouse Expedition","false","false","false","false","","","","","false","false","USA","","4/13/63","5/7/63","","24","0","  -   -","10","Abandoned at 6450m due to difficult corniced ridge","6450","false","false","false","0","0","4","0","0","1","0","0","false","false","true","false","false","false","false","false","false","Climbed Kangtega (KTEG-631-01)","""BC(13/04,4875m),C1(15/04,5500m),C2(05/05,6100m),xxx(07/05,6450m)""","","","","false","false","true","true","true","KTEG63101"
"THAR64301","THAR","1964","3","1","From S Annapurna Glacier","","","","Japan","Haruo Higuchi","Kyoto University Alpine Club","true","false","false","false","1st","","","","false","false","","","9/15/64","10/23/64","1400","38","46","10/31/64","1","","5663","false","false","false","0","0","3","2","0","0","0","0","true","false","true","false","false","false","false","false","false","""Climbed Annapurna South (ANNS-643-10) and Annapurna South (Central Peak 1st,2nd ascents)""","""BC(15/09,4000m),Smt(23/10)""","","","","false","false","true","true","true","ANNS64301"
"THAR65101","THAR","1965","1","1","NW Ridge","","","","W Germany","Guenter Hauser","German Alpine Association","true","false","false","false","2nd","","","","false","false","","","4/6/65","5/24/65","","48","58","6/3/65","1","","5663","false","false","false","2","0","2","2","0","1","1","0","false","false","true","false","false","false","false","false","false","Climbed Gangapurna (GANG-651-01) and Glacier Dome (GLAC-651-01); permit for Annapurna I (ANN1-651-01)","""BC(06/04,3750m),C1(19/05,4550m),C2(23/05,5400m),Smt(24/05)""","","","","false","false","true","true","true","GANG65101"
"TILI65301","TILI","1965","3","1","Reconnaissance","","","","Japan","Yoshimi Yakushi","","false","false","false","false","","","","","false","false","","Pokhara->Tukuche->Jomosomba->West Tilicho La","10/11/65","10/11/65","","0","19","10/30/65","12","","4850","false","false","false","0","0","3","0","0","0","0","0","true","false","true","false","false","false","false","false","false","","""BC(11/10,4850m)""","","","","false","false","false","false","false",""
"TLNG61101","TLNG","1961","1","1","Reconnaissance","","","","UK","R. O. Lee","","false","false","false","false","","","","","false","false","","","","","","0","0","  -   -","12","","0","false","false","false","0","0","0","0","0","0","0","0","true","false","true","false","false","false","false","false","false","","","","","","false","false","false","false","false",""
"TLNG63301","TLNG","1963","3","1","","","","","Japan","Kenji Ishihara","Tokyo-Osaka University Joint Himalayan Expedition","false","false","false","false","","","","","false","false","","Kangbachen BC->Ghunsa BC","10/28/63","","","0","23","11/20/63","14","Termination reason unknown","7250","false","false","false","0","0","3","0","0","1","0","0","false","false","true","false","false","false","false","false","false","""Climbed Sharphu (SPHU-633-01), Tsisima (TSIS-633-01) and Syamdo Kangri (1st); attempted Drohmo (DROM-633-01) and Merra (MERR-633-01); climbed 2 Tibetan peaks in Ombak Himal (OMBK-633-01)""","""BC(28/10,3800m),xxx(7250m)""","","","","false","false","true","true","true","SPHU63301"
"TONG62101","TONG","1962","1","1","SW Ridge from E","","","","Japan","Shijiro Ishizaka","Nihon University","true","false","false","false","2nd","","","","false","false","","","5/6/62","5/9/62","","3","0","  -   -","1","","6187","false","false","false","0","0","4","4","0","5","0","0","false","false","true","false","false","false","false","false","false","""Climbed Hongde (HONG-621-01), Dhampus (DHAM-621-01) and Kangtokla (KTOK-621-01); attempted Churen Himal (CHUR-621-01); recon Dhaulagiri II""","""BC(06/05,5450m),ABC(07/05),Smt(09/05)""","","","","false","false","false","true","true","HONG62101"
"URKM64101","URKM","1964","1","1","S Face","","","","Japan","Takeo Suzuki","Osaka City University Himalayan Expedition","true","false","false","false","1st","","","","false","false","","","","5/5/64","","0","0","  -   -","1","","6143","false","false","false","0","0","4","3","0","2","1","0","false","false","true","false","false","false","false","false","false","""Attempted Langtang Lirung (LANG-641-01), climbed Bhemdang Ri (BHEM-641-01)""","Smt(05/05)","","","","false","false","true","false","true","LANG64101"
"MERR63301","MERR","1963","3","1","SW Ridge","","","","Japan","Kenji Ishihara","Tokyo-Osaka University Joint Himalayan Expedition","false","false","false","false","","","","","false","false","","Kangbachen BC->Ghunsa BC","10/28/63","","","0","23","11/20/63","10","","6100","false","false","false","0","0","3","0","0","1","0","0","false","false","true","false","false","false","false","false","false","""Climbed Sharphu (SPHU-633-01), Tsisima (TSIS-633-01) and Syamdo Kangri (1st); attempted Drohmo (DROM-633-01) and Talung (TLNG-633-01); climbed 2 Tibetan peaks in Ombak Himal (OMBK-633-01)""","""BC(28/10,3800m),xxx(Nov,6100m)""","","","","false","false","true","true","true","SPHU63301"
"YALU65101","YALU","1965","1","1","","","","","Japan","","","false","false","false","false","","","","","false","false","","","","","","0","0","  -   -","12","Permit canceled by HMG under pressure from India","0","false","false","false","0","0","0","0","0","0","0","0","true","false","true","false","false","false","false","false","false","","","","","","false","false","false","false","false",""
"YALU67101","YALU","1967","1","1","Yalung Glacier (recon)","","","","Japan","","","false","false","false","false","","","","","false","false","","","","","","0","0","  -   -","12","","0","false","false","false","0","0","0","0","0","0","0","0","true","false","true","false","false","false","false","false","false","","","","","","false","false","false","false","false",""
"IMJA60301","IMJA","1960","3","1","","","","","New Zealand","Edmund Hillary","Himalayan Scientific and Mountaineering Expedition","true","false","false","false","3rd","","","","false","false","","","","","","0","0","  -   -","1","","6165","false","false","false","0","0","2","1","0","1","1","0","false","false","true","false","false","false","false","false","false","""Climbed Ombigaichen (OMBG-603-01), recon Lhotse Shar (LSHR-603-01) and Shartse (SHAR-603-01); climbed Ama Dablam (AMAD-611-01); attempted Makalu (MAKA-611-01)""","Smt(Nov)","","","","false","false","false","true","true","MAKA61101"
"IMJA64101","IMJA","1964","1","1","NE Smt","","","","Denmark","Jesper Trier","","true","false","false","false","4th","","","","false","false","","","","5/15/64","","0","0","  -   -","1","","6165","false","false","false","0","0","1","1","0","3","3","0","false","false","true","false","false","false","false","false","false","","Smt(15/05)","","","","false","false","false","false","false",""
"EVER65102","EVER","1965","1","2","""N side (attempt reported, not confirmed)""","","","","China","","","false","false","false","false","","","","","false","false","","","","","","0","0","  -   -","13","","0","false","false","false","0","0","0","0","0","0","0","0","false","false","false","false","false","false","false","false","false","","","","","","false","false","false","false","false",""
"EVER67101","EVER","1967","1","2","N Col (research)","","","","China","","","false","false","false","false","","","","","false","false","","","","","","0","0","  -   -","12","","0","false","false","false","0","0","0","0","0","0","0","0","false","false","true","false","false","false","false","false","false","","","","","","true","true","false","false","false",""
"EVER67301","EVER","1967","3","2","N Col (research)","","","","China","","","false","false","false","false","","","","","false","false","","","","","","0","0","  -   -","12","","0","false","false","false","0","0","0","0","0","0","0","0","false","false","true","false","false","false","false","false","false","","","","","","true","true","false","false","false",""
"TUKU68101","TUKU","1968","1","1","N Ridge","","","","USA","""Gene Finger, Phil Colbert""","","true","false","false","false","1st?","","","","false","false","","","","","","0","0","  -   -","1","","6920","false","false","false","0","0","2","2","0","1","1","0","false","false","true","false","false","false","false","false","false","","","","","","false","false","false","false","false",""
"LAMJ67101","LAMJ","1967","1","1","E Face","","","","W Germany","Helmut Scharschinger","W German Lamjung Himal Expedition 1967","false","false","false","false","","","","","false","false","","","","","","0","0","  -   -","5","Abandoned at 5900m due to hard blue ice","5900","false","false","false","2","0","2","0","0","2","0","0","false","false","true","false","false","false","false","false","false","""Climbed Banyang Peak (1st ascent), East Lamjung Pinnacle and Charim Kokero (in Ganesh Himal)""","""BC(3500m),C1(4250m),C2(5050m),Biv,xxx(5900m)""","","","","false","false","false","false","false",""
"BHEM64101","BHEM","1964","1","1","","","","","Japan","Takeo Suzuki","","true","false","false","false","1st","","","","false","false","","","","5/8/64","","0","0","  -   -","1","","6150","false","false","false","0","0","4","2","0","1","1","0","false","false","true","false","false","false","false","false","false","""Climbed Urkinmang (URKM-641-01), attempted Langtang Lirung (LANG-641-01)""","Smt(08/05)","","","","false","false","true","true","true","LANG64101"
"EVER69102","EVER","1969","1","2","""N side (success reported, not confirmed)""","","","","China","","","false","false","false","false","","","","","true","false","","","","","","0","0","  -   -","3","","8850","false","false","false","0","0","3","0","0","0","0","0","false","false","false","false","false","false","false","false","true","","","","","","true","true","false","false","false",""
"KTOK62101","KTOK","1962","1","1","E Ridge","","","","Japan","Shijiro Ishizaka","Nihon University Mountaineering Club","true","false","false","false","1st","","","","false","false","","Mukut La->Mukutgaon->Kakotgaon->Kaya Khola","6/3/62","6/6/62","","3","7","6/10/62","1","","6294","false","false","false","0","0","2","1","0","1","1","0","false","false","true","false","false","false","false","false","false","""Climbed Dhampus (DHAM-621-01), Tongu (TONG-621-01) and Hongde (HONG-621-01); attempted Churen Himal (CHUR-621-01); recon Dhaulagiri II""","""BC(03/06,4700m),C1,Smt(06/06)""","","","","false","false","false","true","true","HONG62101"
"LIK260301","LIK2","1960","3","1","W Ridge","","","","France","Robert Sandoz","","true","false","false","false","1st","","","","false","false","","","10/6/60","10/21/60","","15","26","11/1/60","1","","6659","false","false","false","0","0","6","1","0","4","1","0","false","false","true","false","false","false","false","false","false","""Climbed Parchamo (PARC-603-01), Pimu (PIMU-603-01) and Singkar; recon Chobuje (CHOB-603-01)""","""BC(06/10,4400m),C1.IC(14/10),C2.ABC(15/10,5500m),C3(18/10),C4(19/10,6150m),Smt(21/10)""","","","","false","false","false","false","false",""
"SHAL63301","SHAL","1963","3","1","","","","","Italy","Lino Andreotti","","true","false","false","false","2nd","","","","false","false","","","","10/20/63","","0","0","  -   -","1","","6707","false","false","false","3","0","8","2","0","3","0","0","false","false","true","false","false","false","false","false","false","Claimed climbed Kyungka Ri (1st ascent claimed) and attempted Langtang Lirung (LANG-633-01)","""BC,C1,C2,C3,Smt(20/10)""","","","","false","false","true","true","true","LANG63301"
"SHA260301","SHA2","1960","3","1","Hardie Col-S Ridge (recon)","","","","New Zealand","Edmund Hillary","Himalayan Scientific and Mountaineering Expedition","false","false","false","false","","","","","false","false","","Chhukung Valley","","","","0","0","  -   -","10","","6300","false","false","false","0","0","4","0","0","0","0","0","true","false","true","false","false","false","false","false","false","""Climbed Ama Dablam (AMAD-611-01) and Ombigaichen (OMBG-603-01) and Island Peak (IMJA-603-01), recon Lhotse Shar (LSHR-603-01); attempted Makalu (MAKA-611-01)""","""xxx(Nov,6300m)""","","","","false","false","true","true","true","MAKA61101"
"CHRI65101","CHRI","1965","1","1","S Ridge","","","","Netherlands","Johannes Adolf Noordijk","","true","false","false","false","1st?","","","","false","false","","","","","","0","0","  -   -","1","","5550","false","false","false","0","0","1","1","0","0","0","0","true","false","true","false","false","false","false","false","false","","Smt(May)","","","","false","false","false","false","false",""
"MUKT67301","MUKT","1967","3","1","E side from N","","","","Netherlands","J. A. Noordijk","Netherlands Himalayan Expedition 1967","true","false","false","false","1st","","","","false","false","","From Barbung Khola","","11/11/67","","0","0","  -   -","1","","6087","false","false","false","2","0","7","2","0","4","2","0","false","false","true","false","false","false","false","false","false","","""BC,C1,C2,Smt(11/11)""","","","","false","false","false","false","false",""
"TSIS63101","TSIS","1963","1","1","SE Ridge","","","","Japan","Ken Miyazawa","Tokyo Agricultural University","true","false","false","false","1st","","","","false","false","","","4/28/63","6/3/63","","36","0","  -   -","1","","6196","false","false","false","2","0","2","1","0","1","1","0","false","false","true","false","false","false","false","false","false","Attempted Gimmigela Chuli (GIMM-631-01); attempted Taple Shikhar (TAPL-631-01)","""BC(28/04,5100m),C1,C2(02/06,5500m),Smt(03/06)""","","","","false","false","false","true","true","GIMM63101"
"TSIS63301","TSIS","1963","3","1","SE Ridge","","","","Japan","Kenji Ishihara","Tokyo-Osaka University Joint Himalayan Expedition","true","false","false","false","2nd","","","","false","false","","","","","","0","0","  -   -","1","","6196","false","false","false","0","0","4","3","0","1","1","0","false","false","true","false","false","false","false","false","false","""Climbed Sharphu (SPHU-633-01) and Syamdo Kangri (1st); attempted Drohmo (DROM-633-01), Merra (MERR-633-01) and Talung (TLNG-633-01); climbed 2 Tibetan peaks in Ombak Himal (OMBK-633-01)""","Smt(Nov)","","","","false","false","false","true","true","SPHU63301"
"NUPK64101","NUPK","1964","1","1","W Ridge","","","","W Germany","Rudi Rott","","true","false","false","false","1st?","","","","false","false","","","4/4/64","4/6/64","","2","0","  -   -","1","","6576","false","false","false","0","0","2","1","0","1","1","0","false","false","true","false","false","false","false","false","false","Climbed Jasemba Goth (JASG-641-01); attempted Cho Oyu (CHOY-641-01)","""BC(04/04,5200m),Smt(06/04)""","","1st ascent","","false","false","true","true","true","CHOY64101"
"JASG64101","JASG","1964","1","1","W Ridge","","","","W Germany","Rudi Rott","","true","false","false","false","1st","","","","false","false","","","4/8/64","4/8/64","","0","0","  -   -","1","","6730","false","false","false","0","0","3","2","0","0","0","0","true","false","true","false","false","false","false","false","false","Climbed Nupche Himal (NUPK-641-01); attempted Cho Oyu (CHOY-641-01)","""BC(04/04,5200m),Smt(08/04)""","","","","false","false","true","true","true","CHOY64101"
"BHUL64301","BHUL","1964","3","1","W Ridge","","","","UK","John Baird Tyson","Mount Everest Foundation and Royal Geographical Society","true","false","false","false","","","","","false","false","","","10/28/64","10/31/64","1100","3","0","  -   -","1","","6102","false","false","false","0","0","5","3","0","3","1","0","false","false","true","false","false","false","false","false","false","Attempted Lha Shamma (LHAS-643-01)","""BC(28/10,4900m),C1(29/10,5500m),C2(30/10,5800m),Smt(31/10)""","","","","false","false","false","false","false","LHAS64301"
"SPH163301","SPH1","1963","3","1","E side","S Face","","","Japan","Kenji Ishihara","Tokyo-Osaka University Joint Himalayan Expedition","false","true","false","false","","1st-3rd","","","false","false","","","10/12/63","10/22/63","1330","10","16","10/28/63","1","","6433","false","false","false","0","1000","11","10","0","4","4","0","false","false","true","false","false","false","false","false","false","""Climbed Tsisima (TSIS-633-01) and Syamdo Kangri (1st); attempted Drohmo (DROM-633-01), Talung (TLNG-633-01) and Merra (MERR-633-01); climbed 2 Tibetan peaks in Ombak Himal (OMBK-633-01)""","""BC(12/10,4100m),C1(14/10,5000m),C2(16/10,5900m),C3(20/10,6500m),Smt(22-23,25/10)""","","","","false","false","false","false","false",""
"SPH462101","SPH4","1962","1","1","E Ridge-Border Ridge","","","","Japan","Sasuke Nakao","Northeast Nepal Scientific Research Exp - Osaka City Univ","true","false","false","false","1st-3rd","","","","false","false","","Darjeeling->Ilam->Kabeli Khola->Kangbachen (BC)","5/7/62","5/20/62","1100","13","0","  -   -","1","","6044","false","false","false","3","0","9","6","0","6","3","0","false","false","true","false","false","false","false","false","false","","""BC(07/05,4150m),ABC(11/05,4950m),C1(14/05,5600m),C2(18/05,6150m),C3(19/05,6750m),Smt(20-21/05)""","","","","false","false","false","false","false",""
